Model,RNN Type,Sequence Length,Training Loss,Validation Loss,Validation Accuracy,Training time,Inference Time,Hidden Size,Fully Connected Layers,Parameters,Size (MB),Predicted next character
1,LSTM,20,1.3781588373393039,1.3724205528732634,0.5940240672635367,437.21747851371765,0.3880350589752197,128,1,148801,0.5676307678222656,"
        WARWICK:
        So much his friend, ay, his unfeigned friend,
        That, if King Lewis vouchsafe to furnish us
        With some few bands of chosen soldiers,
        I'll undertake to land them on our coast
        And force the tyrant from his seat by war.
        'Tis not his new-made bride shall succor him:
        And as for Clarence, as my letters tell me,
        He's very likely now to fall from him,
        For matching more for wanton lust than honour,
        Or than for strength and safety of our country.
        winty to this business of the state of the state of the state of the state of the state of the state of the state of the state of the state of the state of the state of the state of the state of the state of the state of the state of the state of the state of the state of the state of the state of the state of the state of the state of the state of the state of the state of the state of the state of the state of the state of the state of the state of the state of the state of the state of the state of the state of the state of the state of the state of the state of the state of the state of the state of the state of the state of the state of the state of the state of the state of the state of the state of the state of the state of the state of the state of the state of the state of the state of the state of the state of the state of the state of the state of the state of the state of the state of the state of the state of the state of the state of the state of the state of the state of"
2,LSTM,20,1.2738855842256198,1.2681992402041915,0.6037427804485311,395.23538088798523,0.3015263080596924,128,2,165313,0.6306190490722656,"
        WARWICK:
        So much his friend, ay, his unfeigned friend,
        That, if King Lewis vouchsafe to furnish us
        With some few bands of chosen soldiers,
        I'll undertake to land them on our coast
        And force the tyrant from his seat by war.
        'Tis not his new-made bride shall succor him:
        And as for Clarence, as my letters tell me,
        He's very likely now to fall from him,
        For matching more for wanton lust than honour,
        Or than for strength and safety of our country.
        lors:
The sun to the season of the common morning of the common morning of the common morning of the common morning of the common morning of the common morning of the common morning of the common morning of the common morning of the common morning of the common morning of the common morning of the common morning of the common morning of the common morning of the common morning of the common morning of the common morning of the common morning of the common morning of the common morning of the common morning of the common morning of the common morning of the common morning of the common morning of the common morning of the common morning of the common morning of the common morning of the common morning of the common morning of the common morning of the common morning of the common morning of the common morning of the common morning of the common morning of the common morning of the common morning of the common morning of the common morning of the common morning of the common morning of t"
3,LSTM,20,1.25736962791777,1.2526808924918627,0.6073577114044257,403.25523829460144,0.3305244445800781,128,3,181825,0.6936073303222656,"
        WARWICK:
        So much his friend, ay, his unfeigned friend,
        That, if King Lewis vouchsafe to furnish us
        With some few bands of chosen soldiers,
        I'll undertake to land them on our coast
        And force the tyrant from his seat by war.
        'Tis not his new-made bride shall succor him:
        And as for Clarence, as my letters tell me,
        He's very likely now to fall from him,
        For matching more for wanton lust than honour,
        Or than for strength and safety of our country.
        yoke.

PETRUCHIO:
Why, then the state of the state of the state of the state of the state of the state of the state of the state of the state of the state of the state of the state of the state of the state of the state of the state of the state of the state of the state of the state of the state of the state of the state of the state of the state of the state of the state of the state of the state of the state of the state of the state of the state of the state of the state of the state of the state of the state of the state of the state of the state of the state of the state of the state of the state of the state of the state of the state of the state of the state of the state of the state of the state of the state of the state of the state of the state of the state of the state of the state of the state of the state of the state of the state of the state of the state of the state of the state of the state of the state of the state of the state of the state of the state of the state "
4,LSTM,20,1.1456232244951012,1.1302009764378957,0.6623652694073916,521.7024219036102,0.5350639820098877,256,1,559681,2.1350135803222656,"
        WARWICK:
        So much his friend, ay, his unfeigned friend,
        That, if King Lewis vouchsafe to furnish us
        With some few bands of chosen soldiers,
        I'll undertake to land them on our coast
        And force the tyrant from his seat by war.
        'Tis not his new-made bride shall succor him:
        And as for Clarence, as my letters tell me,
        He's very likely now to fall from him,
        For matching more for wanton lust than honour,
        Or than for strength and safety of our country.
        orfist,
I will not see the county as the seat of mine,
And therefore lies all the court of a state, and there are the sea,
And therefore lie, and there are the sea,
And therefore lie, and there are the sea,
And therefore lie, and there are the sea,
And therefore lie, and there are the sea,
And therefore lie, and there are the sea,
And therefore lie, and there are the sea,
And therefore lie, and there are the sea,
And therefore lie, and there are the sea,
And therefore lie, and there are the sea,
And therefore lie, and there are the sea,
And therefore lie, and there are the sea,
And therefore lie, and there are the sea,
And therefore lie, and there are the sea,
And therefore lie, and there are the sea,
And therefore lie, and there are the sea,
And therefore lie, and there are the sea,
And therefore lie, and there are the sea,
And therefore lie, and there are the sea,
And therefore lie, and there are the sea,
And therefore lie, and there are the sea,
And therefore lie, and there are the "
5,LSTM,20,1.0061304756324656,0.9839211397797522,0.6856283183936509,530.5484898090363,0.5540485382080078,256,2,625473,2.3859901428222656,"
        WARWICK:
        So much his friend, ay, his unfeigned friend,
        That, if King Lewis vouchsafe to furnish us
        With some few bands of chosen soldiers,
        I'll undertake to land them on our coast
        And force the tyrant from his seat by war.
        'Tis not his new-made bride shall succor him:
        And as for Clarence, as my letters tell me,
        He's very likely now to fall from him,
        For matching more for wanton lust than honour,
        Or than for strength and safety of our country.
        argueth! Henceforward and the seat of the world,
That I may be not so far off with a beggar, and the seat of the world,
That I may be not so far off with a beggar, and the seat of the world,
That I may be not so far off with a beggar, and the seat of the world,
That I may be not so far off with a beggar, and the seat of the world,
That I may be not so far off with a beggar, and the seat of the world,
That I may be not so far off with a beggar, and the seat of the world,
That I may be not so far off with a beggar, and the seat of the world,
That I may be not so far off with a beggar, and the seat of the world,
That I may be not so far off with a beggar, and the seat of the world,
That I may be not so far off with a beggar, and the seat of the world,
That I may be not so far off with a beggar, and the seat of the world,
That I may be not so far off with a beggar, and the seat of the world,
That I may be not so far off with a beggar, and the seat of the world,
That I may be not so far off"
6,LSTM,20,0.9669909185736719,0.9422453080650663,0.6969993921321458,531.4982500076294,0.5830650329589844,256,3,691265,2.6369667053222656,"
        WARWICK:
        So much his friend, ay, his unfeigned friend,
        That, if King Lewis vouchsafe to furnish us
        With some few bands of chosen soldiers,
        I'll undertake to land them on our coast
        And force the tyrant from his seat by war.
        'Tis not his new-made bride shall succor him:
        And as for Clarence, as my letters tell me,
        He's very likely now to fall from him,
        For matching more for wanton lust than honour,
        Or than for strength and safety of our country.
        GLETMIOS!'!

KING RICHARD II:
The rest of this matching me.

KING RICHARD II:
The rest of this matching me.

KING RICHARD II:
The rest of this matching me.

KING RICHARD II:
The rest of this matching me.

KING RICHARD II:
The rest of this matching me.

KING RICHARD II:
The rest of this matching me.

KING RICHARD II:
The rest of this matching me.

KING RICHARD II:
The rest of this matching me.

KING RICHARD II:
The rest of this matching me.

KING RICHARD II:
The rest of this matching me.

KING RICHARD II:
The rest of this matching me.

KING RICHARD II:
The rest of this matching me.

KING RICHARD II:
The rest of this matching me.

KING RICHARD II:
The rest of this matching me.

KING RICHARD II:
The rest of this matching me.

KING RICHARD II:
The rest of this matching me.

KING RICHARD II:
The rest of this matching me.

KING RICHARD II:
The rest of this matching me.

KING RICHARD II:
The rest of this matching me.

KING RICHARD II:
The rest of this matching me.

KING RICHARD II:
The rest o"
7,LSTM,20,0.5715458614982828,0.5366843888794419,0.8369551379178644,1128.0742783546448,0.5540609359741211,512,1,2167873,8.269779205322266,"
        WARWICK:
        So much his friend, ay, his unfeigned friend,
        That, if King Lewis vouchsafe to furnish us
        With some few bands of chosen soldiers,
        I'll undertake to land them on our coast
        And force the tyrant from his seat by war.
        'Tis not his new-made bride shall succor him:
        And as for Clarence, as my letters tell me,
        He's very likely now to fall from him,
        For matching more for wanton lust than honour,
        Or than for strength and safety of our country.
        ispassio.

BRUTUS:
How now! what's the matter?

MENENIUS:
He's stand and let thee be
To be the dead to the gods, but with a linence on my staye-holy mete's free unpieces of our state
And cruel divine to more rage,
And was with the land
That threatened of the world,
And would by contracted good old grave is to be so bound? all's no matter for that.
Come, master'? lay hath resides me me weeping.

PETRUCHIO:
Why, what a witness? When you are come,
And straight dispatch they are in arms,
Be said to be of ours.

FRIAR LAURENCE:
Hold, then, dear sir,
When I see thy brother of a gods,
And all the rest was so.

PETRUCHIO:
Why, there's man? 'tis better for the world
For making them and as free corruption of a love lost his length, and he shall soon perpetual souls, and love to enter in,
And thou seem'd to fall into him;
And bring me some other way
From Rivers' god; be gones
But your countenance is only their spirits
And crust me once a run-fold with me; who may be so bold to know the crown in m"
8,LSTM,20,0.35983168600249466,0.3207162477239205,0.8960034929987609,1143.2472605705261,0.5870661735534668,512,2,2430529,9.271732330322266,"
        WARWICK:
        So much his friend, ay, his unfeigned friend,
        That, if King Lewis vouchsafe to furnish us
        With some few bands of chosen soldiers,
        I'll undertake to land them on our coast
        And force the tyrant from his seat by war.
        'Tis not his new-made bride shall succor him:
        And as for Clarence, as my letters tell me,
        He's very likely now to fall from him,
        For matching more for wanton lust than honour,
        Or than for strength and safety of our country.
        Vollowelations, that I must be so fouler than my son, which first wearisome weeping fools;
To think anon, for all thy head of the house: farewell.

GLOUCESTER:
Go, and by and by; and 'tis a looking on their powerful warrant for this dead--
Stand all of Rome, he shall bring you talk of are small:
Shall I by this young prince! Bring excellence!
Tush, I will attend her!

LADY CAPULET:
What satisfaction canst thou tell her off youth wonders thou hither, that was too much iron friends,
Is prisoner to the court?
Sound drums and trumpets! Sits,
Look in him and his wife and his friends and others, sir, to thee, farewell.

GLOUCESTER:
Go, and by and by; and 'tis a looking on their powerful warrant for this dead--
Stand all of Rome, he shall bring you talk of are small:
Shall I by this young prince! Bring excellence!
Tush, I will attend her!

LADY CAPULET:
What satisfaction canst thou tell her off youth wonders thou hither, that was too much iron friends,
Is prisoner to the court?
Sound drums an"
9,LSTM,20,0.3249819350503657,0.2682025154141614,0.9118600577026181,1134.651575088501,0.6080524921417236,512,3,2693185,10.273685455322266,"
        WARWICK:
        So much his friend, ay, his unfeigned friend,
        That, if King Lewis vouchsafe to furnish us
        With some few bands of chosen soldiers,
        I'll undertake to land them on our coast
        And force the tyrant from his seat by war.
        'Tis not his new-made bride shall succor him:
        And as for Clarence, as my letters tell me,
        He's very likely now to fall from him,
        For matching more for wanton lust than honour,
        Or than for strength and safety of our country.
        lady,--
For this one thing to me a former all,
Were you shall be conducted.

DUKE VINCENTIO:
You must, sir, almost his own report is arm of mine eyes
Was never woman to do and dead?
Your diale tongue more than himself?

Messenger:
The slave-to--
Were condemn'd by mine honour let me bear it! I can refres Rome that ever tway behind your applace. But, give me the devil.
A plague or o' the consent?
There was a disease of his trembling gall;
And here resists me not?

Shepherd:
Let me see the vex your bendth--
This proclamation! he must be married;
Which will not out of dangerous arms:
That I may call thee some conqueror;
For now he lives in hell.
The world among 't they offend that he hath done me wrong,
And therefore I'll uncrown him ere't be king, I wore your fault too tigert in this institution, and the people's mouths than the sun shall I rest but think
What news abroad us!

GLOUCESTER:
I doubt not then but a sudden blushes o'er his swain.

BRAKENCA:
In that the earth he grows imprimeti"
10,GRU,20,1.3402391115244288,1.3343277673651701,0.5910044523182358,387.7914135456085,0.29253101348876953,128,1,115777,0.4416542053222656,"
        WARWICK:
        So much his friend, ay, his unfeigned friend,
        That, if King Lewis vouchsafe to furnish us
        With some few bands of chosen soldiers,
        I'll undertake to land them on our coast
        And force the tyrant from his seat by war.
        'Tis not his new-made bride shall succor him:
        And as for Clarence, as my letters tell me,
        He's very likely now to fall from him,
        For matching more for wanton lust than honour,
        Or than for strength and safety of our country.
        unto the sea,
And then the sea, therefore do the conceit and the sea,
And then the sea, therefore do the conceit and the sea,
And then the sea, therefore do the conceit and the sea,
And then the sea, therefore do the conceit and the sea,
And then the sea, therefore do the conceit and the sea,
And then the sea, therefore do the conceit and the sea,
And then the sea, therefore do the conceit and the sea,
And then the sea, therefore do the conceit and the sea,
And then the sea, therefore do the conceit and the sea,
And then the sea, therefore do the conceit and the sea,
And then the sea, therefore do the conceit and the sea,
And then the sea, therefore do the conceit and the sea,
And then the sea, therefore do the conceit and the sea,
And then the sea, therefore do the conceit and the sea,
And then the sea, therefore do the conceit and the sea,
And then the sea, therefore do the conceit and the sea,
And then the sea, therefore do the conceit and the sea,
And then the sea, therefore do the"
11,GRU,20,1.2678465904110539,1.2615226272248874,0.6051799665403712,411.606458902359,0.33353185653686523,128,2,132289,0.5046424865722656,"
        WARWICK:
        So much his friend, ay, his unfeigned friend,
        That, if King Lewis vouchsafe to furnish us
        With some few bands of chosen soldiers,
        I'll undertake to land them on our coast
        And force the tyrant from his seat by war.
        'Tis not his new-made bride shall succor him:
        And as for Clarence, as my letters tell me,
        He's very likely now to fall from him,
        For matching more for wanton lust than honour,
        Or than for strength and safety of our country.
        thristeminags
And then the strange the stranger than the strange the stranger than the strange the stranger than the strange the stranger than the strange the stranger than the strange the stranger than the strange the stranger than the strange the stranger than the strange the stranger than the strange the stranger than the strange the stranger than the strange the stranger than the strange the stranger than the strange the stranger than the strange the stranger than the strange the stranger than the strange the stranger than the strange the stranger than the strange the stranger than the strange the stranger than the strange the stranger than the strange the stranger than the strange the stranger than the strange the stranger than the strange the stranger than the strange the stranger than the strange the stranger than the strange the stranger than the strange the stranger than the strange the stranger than the strange the stranger than the strange the stranger than the strange the s"
12,GRU,20,1.2662085094591127,1.2601912256574979,0.6038880232101519,438.6837246417999,0.33153247833251953,128,3,148801,0.5676307678222656,"
        WARWICK:
        So much his friend, ay, his unfeigned friend,
        That, if King Lewis vouchsafe to furnish us
        With some few bands of chosen soldiers,
        I'll undertake to land them on our coast
        And force the tyrant from his seat by war.
        'Tis not his new-made bride shall succor him:
        And as for Clarence, as my letters tell me,
        He's very likely now to fall from him,
        For matching more for wanton lust than honour,
        Or than for strength and safety of our country.
        hat the princely soul, the state of the world and the state of the world and the state of the world and the state of the world and the state of the world and the state of the world and the state of the world and the state of the world and the state of the world and the state of the world and the state of the world and the state of the world and the state of the world and the state of the world and the state of the world and the state of the world and the state of the world and the state of the world and the state of the world and the state of the world and the state of the world and the state of the world and the state of the world and the state of the world and the state of the world and the state of the world and the state of the world and the state of the world and the state of the world and the state of the world and the state of the world and the state of the world and the state of the world and the state of the world and the state of the world and the state of the world and the s"
13,GRU,20,1.1417518375563795,1.1279377493545086,0.6460900110635536,501.50793194770813,0.5260419845581055,256,1,428097,1.6330604553222656,"
        WARWICK:
        So much his friend, ay, his unfeigned friend,
        That, if King Lewis vouchsafe to furnish us
        With some few bands of chosen soldiers,
        I'll undertake to land them on our coast
        And force the tyrant from his seat by war.
        'Tis not his new-made bride shall succor him:
        And as for Clarence, as my letters tell me,
        He's very likely now to fall from him,
        For matching more for wanton lust than honour,
        Or than for strength and safety of our country.
        indeed, my lord,
I will be so better than the sea
And the sun the fire of a services are not to the people,
And then with the wars of the heavens to the prince that seems to the prince that seems to the prince that seems to the prince that seems to the prince that seems to the prince that seems to the prince that seems to the prince that seems to the prince that seems to the prince that seems to the prince that seems to the prince that seems to the prince that seems to the prince that seems to the prince that seems to the prince that seems to the prince that seems to the prince that seems to the prince that seems to the prince that seems to the prince that seems to the prince that seems to the prince that seems to the prince that seems to the prince that seems to the prince that seems to the prince that seems to the prince that seems to the prince that seems to the prince that seems to the prince that seems to the prince that seems to the prince that seems to the prince that seems to t"
14,GRU,20,1.029951896980731,1.0080467993325561,0.6772795492812277,462.2693099975586,0.5485584735870361,256,2,493889,1.8840370178222656,"
        WARWICK:
        So much his friend, ay, his unfeigned friend,
        That, if King Lewis vouchsafe to furnish us
        With some few bands of chosen soldiers,
        I'll undertake to land them on our coast
        And force the tyrant from his seat by war.
        'Tis not his new-made bride shall succor him:
        And as for Clarence, as my letters tell me,
        He's very likely now to fall from him,
        For matching more for wanton lust than honour,
        Or than for strength and safety of our country.
        rain, I will not see the world,
That thou hast songs and the seat of my soul,
And then the seat of my soul,
And then the seat of my soul,
And then the seat of my soul,
And then the seat of my soul,
And then the seat of my soul,
And then the seat of my soul,
And then the seat of my soul,
And then the seat of my soul,
And then the seat of my soul,
And then the seat of my soul,
And then the seat of my soul,
And then the seat of my soul,
And then the seat of my soul,
And then the seat of my soul,
And then the seat of my soul,
And then the seat of my soul,
And then the seat of my soul,
And then the seat of my soul,
And then the seat of my soul,
And then the seat of my soul,
And then the seat of my soul,
And then the seat of my soul,
And then the seat of my soul,
And then the seat of my soul,
And then the seat of my soul,
And then the seat of my soul,
And then the seat of my soul,
And then the seat of my soul,
And then the seat of my soul,
And then the seat of my soul,
And then the seat of m"
15,GRU,20,1.0125020942548766,0.9865149986134828,0.6835447123565728,463.2850036621094,0.5830559730529785,256,3,559681,2.1350135803222656,"
        WARWICK:
        So much his friend, ay, his unfeigned friend,
        That, if King Lewis vouchsafe to furnish us
        With some few bands of chosen soldiers,
        I'll undertake to land them on our coast
        And force the tyrant from his seat by war.
        'Tis not his new-made bride shall succor him:
        And as for Clarence, as my letters tell me,
        He's very likely now to fall from him,
        For matching more for wanton lust than honour,
        Or than for strength and safety of our country.
        fair lord,
The county thought of the world.

LARTIUS:
The gods carry then thou wilt be spoken to the senate, who stand did suck the world afford them and believed thee to the prince that the world will be satisfader, and the worst is bonds and their secret to the common present and all things to the prince that the world will be satisfader, and the worst is bonds and their secret to the common present and all things to the prince that the world will be satisfader, and the worst is bonds and their secret to the common present and all things to the prince that the world will be satisfader, and the worst is bonds and their secret to the common present and all things to the prince that the world will be satisfader, and the worst is bonds and their secret to the common present and all things to the prince that the world will be satisfader, and the worst is bonds and their secret to the common present and all things to the prince that the world will be satisfader, and the worst is bonds and "
16,GRU,20,0.831342971672977,0.8002071141326514,0.7438760451651195,929.5212078094482,0.5640697479248047,512,1,1642561,6.265872955322266,"
        WARWICK:
        So much his friend, ay, his unfeigned friend,
        That, if King Lewis vouchsafe to furnish us
        With some few bands of chosen soldiers,
        I'll undertake to land them on our coast
        And force the tyrant from his seat by war.
        'Tis not his new-made bride shall succor him:
        And as for Clarence, as my letters tell me,
        He's very likely now to fall from him,
        For matching more for wanton lust than honour,
        Or than for strength and safety of our country.
        ithankful for a breath of state, which the day is offended
In all after our country service and trumpets soundly.

DUKE VINCENTIO:
Most not forgiveness; the devil that is not think
The other fortune shall be therein ever: do not say 'I'
To save the best; and with the best of many more than any princely gait?
How now, my ass, my lord, and so stand upon a traitor and my soul,
My son George Stanley did rest you from the city be a purpose.

MARCIUS:
I am consul, and be revenged
But that true being the last of your love to her and so desire
The heavens our company better than a day.

LADY CAPULET:
We will attend him all as thou hast a tooth of the common ears?
Are you a stranger of the commonwealth!
O meaning hath been been a shrew of the best, and say that he shall be made a stand:
The proudest he that does not been so bid the banishment of the dead bones to the belly action.

Second Citizen:
We have a treacherous eye,
My tongue to this morning and your honour and a happy time to hear of t"
17,GRU,20,0.5888224874969816,0.5483009312709752,0.8176297815799902,962.8557150363922,0.5920507907867432,512,2,1905217,7.267826080322266,"
        WARWICK:
        So much his friend, ay, his unfeigned friend,
        That, if King Lewis vouchsafe to furnish us
        With some few bands of chosen soldiers,
        I'll undertake to land them on our coast
        And force the tyrant from his seat by war.
        'Tis not his new-made bride shall succor him:
        And as for Clarence, as my letters tell me,
        He's very likely now to fall from him,
        For matching more for wanton lust than honour,
        Or than for strength and safety of our country.
        Warwick, do you with this deed.

SICINIUS:
What's the matter?

Messenger:
You are a prince, Master
Still now. I will bring thee to the burden mooder, that thou hast made thee in the sun
That thou hadst cause to speak;
And with thy soul's peril and awe.

GRUMIO:
Nay, let the prisoner.

VOLUMNIA:
And shall we do?

BUSHY:
Thou art a traitor, to my soul to the best.

PERDITA:
And so ho?

Third Servingman:
Where's the man that makes the way?
Welcome! one that stay between us to the death.

EDWARD:
Now by one thing to be contented,
From off the prince my son, who has not so much of his life,
And then begin again, and so still this dark constantious order we will do,
I'll try this insolenger; still have my friend, and awake
Your grace shall stand and spend and small experienced that would have struck morrow' tonight
Have my substitution!
More than the which he wakes,
And all the rest were subjects but to thy enternous.

LEONTES:
Would the custom of your delivery.

Second Murderer:
Offended us"
18,GRU,20,0.549453337697217,0.5056372380604709,0.8314188783313938,992.3367705345154,0.6020627021789551,512,3,2167873,8.269779205322266,"
        WARWICK:
        So much his friend, ay, his unfeigned friend,
        That, if King Lewis vouchsafe to furnish us
        With some few bands of chosen soldiers,
        I'll undertake to land them on our coast
        And force the tyrant from his seat by war.
        'Tis not his new-made bride shall succor him:
        And as for Clarence, as my letters tell me,
        He's very likely now to fall from him,
        For matching more for wanton lust than honour,
        Or than for strength and safety of our country.
        magiciness?

Second Citizen:
You have but thou likew on him that hath sent for the world,
And will, no doubt, shortly shall be thy service, and the lord of Norfolk, sprightfully.

GRUMIO:
A cold fiend as if the world turns your grace.

KING RICHARD II:
The son of your answer made,
As may be blest where the world's thought of it!

QUEEN ELIZABETH:
The Lord protect him from the world:
He was an envious slanderous power.

Clown:
If it be patient, great comfort as an hour.

COMINIUS:
He will help you.

Both Tribunes:
Farewell, free!

LADY ANNE:
Why, then he is alive, and the nobies of the way?

SIR STEPHEN SCROOP:
Men shall know where, that went on them by the patrimity.

KING HENRY VI:
Why, then he might have loved him as brought for their deeds are brought by the fish the regal seat,
And this brave forfeits, and the whole word again.

CLARENCE:
To thee, here comes a morrow.
And sooth to take my letters of his sister, that thou bears me
So particularise there, because the souls of others "
19,LSTM,30,1.35548187346354,1.3503163852830873,0.6011875943638131,515.251499414444,0.32253170013427734,128,1,148801,0.5676307678222656,"
        WARWICK:
        So much his friend, ay, his unfeigned friend,
        That, if King Lewis vouchsafe to furnish us
        With some few bands of chosen soldiers,
        I'll undertake to land them on our coast
        And force the tyrant from his seat by war.
        'Tis not his new-made bride shall succor him:
        And as for Clarence, as my letters tell me,
        He's very likely now to fall from him,
        For matching more for wanton lust than honour,
        Or than for strength and safety of our country.
        dost in the rest of the prince,
And then the way the way the way to the world to the world to the world to the world to the world to the world to the world to the world to the world to the world to the world to the world to the world to the world to the world to the world to the world to the world to the world to the world to the world to the world to the world to the world to the world to the world to the world to the world to the world to the world to the world to the world to the world to the world to the world to the world to the world to the world to the world to the world to the world to the world to the world to the world to the world to the world to the world to the world to the world to the world to the world to the world to the world to the world to the world to the world to the world to the world to the world to the world to the world to the world to the world to the world to the world to the world to the world to the world to the world to the world to the world to the world"
20,LSTM,30,1.2623507358732016,1.2537096938947692,0.6096673372997514,459.30181217193604,0.32604050636291504,128,2,165313,0.6306190490722656,"
        WARWICK:
        So much his friend, ay, his unfeigned friend,
        That, if King Lewis vouchsafe to furnish us
        With some few bands of chosen soldiers,
        I'll undertake to land them on our coast
        And force the tyrant from his seat by war.
        'Tis not his new-made bride shall succor him:
        And as for Clarence, as my letters tell me,
        He's very likely now to fall from him,
        For matching more for wanton lust than honour,
        Or than for strength and safety of our country.
        level them to seek the seas and the seas and the seas and the seas and the seas and the seas and the seas and the seas and the seas and the seas and the seas and the seas and the seas and the seas and the seas and the seas and the seas and the seas and the seas and the seas and the seas and the seas and the seas and the seas and the seas and the seas and the seas and the seas and the seas and the seas and the seas and the seas and the seas and the seas and the seas and the seas and the seas and the seas and the seas and the seas and the seas and the seas and the seas and the seas and the seas and the seas and the seas and the seas and the seas and the seas and the seas and the seas and the seas and the seas and the seas and the seas and the seas and the seas and the seas and the seas and the seas and the seas and the seas and the seas and the seas and the seas and the seas and the seas and the seas and the seas and the seas and the seas and the seas and the seas and the seas and the se"
21,LSTM,30,1.2441734101650488,1.2399736286079797,0.6118755850108126,454.16116642951965,0.35602521896362305,128,3,181825,0.6936073303222656,"
        WARWICK:
        So much his friend, ay, his unfeigned friend,
        That, if King Lewis vouchsafe to furnish us
        With some few bands of chosen soldiers,
        I'll undertake to land them on our coast
        And force the tyrant from his seat by war.
        'Tis not his new-made bride shall succor him:
        And as for Clarence, as my letters tell me,
        He's very likely now to fall from him,
        For matching more for wanton lust than honour,
        Or than for strength and safety of our country.
        Gonothing so sound,
That thou shalt thou shall be so fall of the state,
That thou shalt thou shall be so fall of the state,
That thou shalt thou shall be so fall of the state,
That thou shalt thou shall be so fall of the state,
That thou shalt thou shall be so fall of the state,
That thou shalt thou shall be so fall of the state,
That thou shalt thou shall be so fall of the state,
That thou shalt thou shall be so fall of the state,
That thou shalt thou shall be so fall of the state,
That thou shalt thou shall be so fall of the state,
That thou shalt thou shall be so fall of the state,
That thou shalt thou shall be so fall of the state,
That thou shalt thou shall be so fall of the state,
That thou shalt thou shall be so fall of the state,
That thou shalt thou shall be so fall of the state,
That thou shalt thou shall be so fall of the state,
That thou shalt thou shall be so fall of the state,
That thou shalt thou shall be so fall of the state,
That thou shalt thou shall be so fall of the"
22,LSTM,30,1.1164722390418504,1.1013053968875077,0.6674493707883704,693.6742990016937,0.6620588302612305,256,1,559681,2.1350135803222656,"
        WARWICK:
        So much his friend, ay, his unfeigned friend,
        That, if King Lewis vouchsafe to furnish us
        With some few bands of chosen soldiers,
        I'll undertake to land them on our coast
        And force the tyrant from his seat by war.
        'Tis not his new-made bride shall succor him:
        And as for Clarence, as my letters tell me,
        He's very likely now to fall from him,
        For matching more for wanton lust than honour,
        Or than for strength and safety of our country.
        art so, the king in the house of all the world,
That we have been as the stroke of his son,
I will not be the worst that would be here at the house of all the world,
That we have been as the stroke of his son,
I will not be the worst that would be here at the house of all the world,
That we have been as the stroke of his son,
I will not be the worst that would be here at the house of all the world,
That we have been as the stroke of his son,
I will not be the worst that would be here at the house of all the world,
That we have been as the stroke of his son,
I will not be the worst that would be here at the house of all the world,
That we have been as the stroke of his son,
I will not be the worst that would be here at the house of all the world,
That we have been as the stroke of his son,
I will not be the worst that would be here at the house of all the world,
That we have been as the stroke of his son,
I will not be the worst that would be here at the house of all the world,
That we "
23,LSTM,30,0.9989341279886065,0.9810287003969624,0.6864270318927274,679.7795469760895,0.7885940074920654,256,2,625473,2.3859901428222656,"
        WARWICK:
        So much his friend, ay, his unfeigned friend,
        That, if King Lewis vouchsafe to furnish us
        With some few bands of chosen soldiers,
        I'll undertake to land them on our coast
        And force the tyrant from his seat by war.
        'Tis not his new-made bride shall succor him:
        And as for Clarence, as my letters tell me,
        He's very likely now to fall from him,
        For matching more for wanton lust than honour,
        Or than for strength and safety of our country.
        brother, then then, I will not be so much before.

LEONTES:
What must I do not.

PETRUCHIO:
What say you, sir, the sea that have a stand for thee,
That they shall have the state of the sea,
That thou shalt have more than the state of my soul,
Which shows the seas of the sea, and therefore loves me.

CLIFFORD:
Come, let me see thee so much before the seas,
That she will not stay the sea that have a stand for thee,
That they shall have the state of the sea,
That thou shalt have more than the state of my soul,
Which shows the seas of the sea, and therefore loves me.

CLIFFORD:
Come, let me see thee so much before the seas,
That she will not stay the sea that have a stand for thee,
That they shall have the state of the sea,
That thou shalt have more than the state of my soul,
Which shows the seas of the sea, and therefore loves me.

CLIFFORD:
Come, let me see thee so much before the seas,
That she will not stay the sea that have a stand for thee,
That they shall have the state of the sea,
"
24,LSTM,30,0.954156072035323,0.929645955997662,0.7007936422549051,697.6002082824707,0.7125606536865234,256,3,691265,2.6369667053222656,"
        WARWICK:
        So much his friend, ay, his unfeigned friend,
        That, if King Lewis vouchsafe to furnish us
        With some few bands of chosen soldiers,
        I'll undertake to land them on our coast
        And force the tyrant from his seat by war.
        'Tis not his new-made bride shall succor him:
        And as for Clarence, as my letters tell me,
        He's very likely now to fall from him,
        For matching more for wanton lust than honour,
        Or than for strength and safety of our country.
        AUgedian cannot be apparent to the king.

KING RICHARD III:
Why, then, I pray, sir, the prince aged she should be deposed?

ANGELO:
Well, we'll see the crown, and they say, in the seas
That thought the king and my son be made.

GRUMIO:
Nay, but that I was a part of the death of men
To the second seat of the wars of the world,
Though the first that have been so bootless for the world of the sea,
To see the sea of the dead attempt
Which they are so fair and study and strange and so brief a storm.

KING RICHARD III:
Why, then, I pray, sir, the prince aged she should be deposed?

ANGELO:
Well, we'll see the crown, and they say, in the seas
That thought the king and my son be made.

GRUMIO:
Nay, but that I was a part of the death of men
To the second seat of the wars of the world,
Though the first that have been so bootless for the world of the sea,
To see the sea of the dead attempt
Which they are so fair and study and strange and so brief a storm.

KING RICHARD III:
Why, then, I pray, sir"
25,LSTM,30,0.618463966098145,0.5847238519766035,0.8247208982897063,1659.0993905067444,0.6805598735809326,512,1,2167873,8.269779205322266,"
        WARWICK:
        So much his friend, ay, his unfeigned friend,
        That, if King Lewis vouchsafe to furnish us
        With some few bands of chosen soldiers,
        I'll undertake to land them on our coast
        And force the tyrant from his seat by war.
        'Tis not his new-made bride shall succor him:
        And as for Clarence, as my letters tell me,
        He's very likely now to fall from him,
        For matching more for wanton lust than honour,
        Or than for strength and safety of our country.
        obless.

LORD STANLEY:
The head, and be a king: all is the
great wife, the weary way of mine own,
That I have been blown on it.

CAMILLO:
I can not speak it is.

POLIXENES:
And what title tripp's thrust in love,
So from the all that I should say to hear you to the crown,
And I am come to see this paintine:
If it be not to be the hardest shook of itself.
Ah, wherefore stay we not a thing to stand:
To bring him death to the same to his child.

CAMILLO:
I will be satisfied.

MERCUTIO:
This is the way to confound them than his wife's world,
The pretty benefits of the feast, and they are best advised
What you have said to say.

PETRUCHIO:
I say it is the moon that shows bestow'd; they
can charged it again; and therefore be it so.

KING RICHARD III:
Say, I charge you, let it be a pair of sin.

CLARENCE:
I must be tent's, that I might die we hear.

KING EDWARD IV:
An officer, are not to be sorrow'd backs:
The leaves a fellow of thy sovereign's friends.

DUCHESS OF YORK:
Who should have left u"
26,LSTM,30,0.35715087117069827,0.3207263478832523,0.8951436481722559,1663.9753649234772,0.7240571975708008,512,2,2430529,9.271732330322266,"
        WARWICK:
        So much his friend, ay, his unfeigned friend,
        That, if King Lewis vouchsafe to furnish us
        With some few bands of chosen soldiers,
        I'll undertake to land them on our coast
        And force the tyrant from his seat by war.
        'Tis not his new-made bride shall succor him:
        And as for Clarence, as my letters tell me,
        He's very likely now to fall from him,
        For matching more for wanton lust than honour,
        Or than for strength and safety of our country.
        RIVO:
What shall I say? to meet your hand, no
hiltigabe: but we partly did they say.

LADY GREY:
Three, truly, sir, I will not hence;
And I conceive the quarrel with the spirits; look not
so tear us and be revenged: then is that
uson's sake; and, in those humbles that do alm, deferment him,
As near the lusting flue-dainted king,
To see your love's vestine shole
That way through he was for my cousin Catesby
That I myself have broke the lips:
Hear his dreams let the blind for himself
Against the hand that knows between
The partner of his office, or such descended to the entreat,
And watch thy hands, I fear us not;
For thou shalt hear my nose-gented.

KING HENRY VI:
And loves her elevish lost.

KING RICHARD II:
What said our cousin when you parted with him?

DUKE VINCENTIO:
What, are you so brave? I must not speak too much;
'Tis far my fortune and thy beauty's love.
Swine neighbours to bear them spring,
As if that thou wilt pity thee;
And what obscured grace that name the strong with such"
27,LSTM,30,0.3200850136523699,0.27728109953612307,0.9090314910648004,1669.6351935863495,0.7375621795654297,512,3,2693185,10.273685455322266,"
        WARWICK:
        So much his friend, ay, his unfeigned friend,
        That, if King Lewis vouchsafe to furnish us
        With some few bands of chosen soldiers,
        I'll undertake to land them on our coast
        And force the tyrant from his seat by war.
        'Tis not his new-made bride shall succor him:
        And as for Clarence, as my letters tell me,
        He's very likely now to fall from him,
        For matching more for wanton lust than honour,
        Or than for strength and safety of our country.
        ofmilous throne, though it were as good as the morning royal steeds
From such a clamour of my state,
Which, though he kills my father's love, the father and
ear shall stir.

SICINIUS:
He's a disease that thou comest thither with our royal piece,
The meat, and not remember the proof that hath a pretty piece of fool,
And that the like duke had cut off; so he definis,
Nothing but the vale earest thing.

ROMEO:
Good morrow, fair Montague is sleep'd.
What, have ceare me, sir? the searcher of thy sons as yes
bes, of dangerst of fourth together,
And thou will or greetings to you than my speech:
To-day, then Aufidius should have had you for a king,
And by that gives me bright.

ANTONIO:
The gods she know 'tis like me: I
pray you, speak unto London to retires.
My mind is senseless times, and brought but worthy chairs
As dreadly passador, but my deserts;
I hop off so, he's just.
Now are they come.

QUEEN ELIZABETH:
Till then fair hope make papier.

ANTONIO:
Where is the post that came from speec"
28,GRU,30,1.3200868768413572,1.314258859105354,0.596962067988567,467.32979464530945,0.2750225067138672,128,1,115777,0.4416542053222656,"
        WARWICK:
        So much his friend, ay, his unfeigned friend,
        That, if King Lewis vouchsafe to furnish us
        With some few bands of chosen soldiers,
        I'll undertake to land them on our coast
        And force the tyrant from his seat by war.
        'Tis not his new-made bride shall succor him:
        And as for Clarence, as my letters tell me,
        He's very likely now to fall from him,
        For matching more for wanton lust than honour,
        Or than for strength and safety of our country.
        on the common of the seat of the seat of the seat of the seat of the seat of the seat of the seat of the seat of the seat of the seat of the seat of the seat of the seat of the seat of the seat of the seat of the seat of the seat of the seat of the seat of the seat of the seat of the seat of the seat of the seat of the seat of the seat of the seat of the seat of the seat of the seat of the seat of the seat of the seat of the seat of the seat of the seat of the seat of the seat of the seat of the seat of the seat of the seat of the seat of the seat of the seat of the seat of the seat of the seat of the seat of the seat of the seat of the seat of the seat of the seat of the seat of the seat of the seat of the seat of the seat of the seat of the seat of the seat of the seat of the seat of the seat of the seat of the seat of the seat of the seat of the seat of the seat of the seat of the seat of the seat of the seat of the seat of the seat of the seat of the seat of the seat of the seat of"
29,GRU,30,1.262344557873524,1.2549901835239716,0.6085251092916751,470.1529543399811,0.34953784942626953,128,2,132289,0.5046424865722656,"
        WARWICK:
        So much his friend, ay, his unfeigned friend,
        That, if King Lewis vouchsafe to furnish us
        With some few bands of chosen soldiers,
        I'll undertake to land them on our coast
        And force the tyrant from his seat by war.
        'Tis not his new-made bride shall succor him:
        And as for Clarence, as my letters tell me,
        He's very likely now to fall from him,
        For matching more for wanton lust than honour,
        Or than for strength and safety of our country.
        of the season that shall be the streets and the strength and the strength and the strength and the strength and the strength and the strength and the strength and the strength and the strength and the strength and the strength and the strength and the strength and the strength and the strength and the strength and the strength and the strength and the strength and the strength and the strength and the strength and the strength and the strength and the strength and the strength and the strength and the strength and the strength and the strength and the strength and the strength and the strength and the strength and the strength and the strength and the strength and the strength and the strength and the strength and the strength and the strength and the strength and the strength and the strength and the strength and the strength and the strength and the strength and the strength and the strength and the strength and the strength and the strength and the strength and the strength and the "
30,GRU,30,1.2568967968878084,1.2483859070896233,0.60868649158481,472.782927274704,0.3200376033782959,128,3,148801,0.5676307678222656,"
        WARWICK:
        So much his friend, ay, his unfeigned friend,
        That, if King Lewis vouchsafe to furnish us
        With some few bands of chosen soldiers,
        I'll undertake to land them on our coast
        And force the tyrant from his seat by war.
        'Tis not his new-made bride shall succor him:
        And as for Clarence, as my letters tell me,
        He's very likely now to fall from him,
        For matching more for wanton lust than honour,
        Or than for strength and safety of our country.
        STERR:
The senate shall be so before the state,
And then the season of the season of the state
Than the season of the season of the state
Than the season of the season of the state
Than the season of the season of the state
Than the season of the season of the state
Than the season of the season of the state
Than the season of the season of the state
Than the season of the season of the state
Than the season of the season of the state
Than the season of the season of the state
Than the season of the season of the state
Than the season of the season of the state
Than the season of the season of the state
Than the season of the season of the state
Than the season of the season of the state
Than the season of the season of the state
Than the season of the season of the state
Than the season of the season of the state
Than the season of the season of the state
Than the season of the season of the state
Than the season of the season of the state
Than the season of the season of the state
Th"
31,GRU,30,1.1285124860540794,1.113451457371677,0.6508135460710585,624.1336665153503,0.6450490951538086,256,1,428097,1.6330604553222656,"
        WARWICK:
        So much his friend, ay, his unfeigned friend,
        That, if King Lewis vouchsafe to furnish us
        With some few bands of chosen soldiers,
        I'll undertake to land them on our coast
        And force the tyrant from his seat by war.
        'Tis not his new-made bride shall succor him:
        And as for Clarence, as my letters tell me,
        He's very likely now to fall from him,
        For matching more for wanton lust than honour,
        Or than for strength and safety of our country.
        love, that the best of the people's enemies.

Second Servingman:
What is the prince of such a poor blood,
The people and the truth of the people's enemies.

Second Servingman:
What is the prince of such a poor blood,
The people and the truth of the people's enemies.

Second Servingman:
What is the prince of such a poor blood,
The people and the truth of the people's enemies.

Second Servingman:
What is the prince of such a poor blood,
The people and the truth of the people's enemies.

Second Servingman:
What is the prince of such a poor blood,
The people and the truth of the people's enemies.

Second Servingman:
What is the prince of such a poor blood,
The people and the truth of the people's enemies.

Second Servingman:
What is the prince of such a poor blood,
The people and the truth of the people's enemies.

Second Servingman:
What is the prince of such a poor blood,
The people and the truth of the people's enemies.

Second Servingman:
What is the prince of such a poor blood,
The pe"
32,GRU,30,1.019092049476874,0.9960147660144054,0.681087071126556,631.7458527088165,0.6745679378509521,256,2,493889,1.8840370178222656,"
        WARWICK:
        So much his friend, ay, his unfeigned friend,
        That, if King Lewis vouchsafe to furnish us
        With some few bands of chosen soldiers,
        I'll undertake to land them on our coast
        And force the tyrant from his seat by war.
        'Tis not his new-made bride shall succor him:
        And as for Clarence, as my letters tell me,
        He's very likely now to fall from him,
        For matching more for wanton lust than honour,
        Or than for strength and safety of our country.
        and with the man that have been a sight,
And see the sea with the state and lives and her head,
And therefore I then be so for the world,
To be the sea for the sun to the common people.

CORIOLANUS:
The good monument! why, then I was an end.

KING RICHARD II:
What wilt thou not think the crown,
That thou art so far from his life,
And shake the state and lives and honours to be the sea,
And therefore I than the sun to the country.

KING HENRY VI:
What would you have my life with the world can say the days of York is too much better than the sea,
And therefore I than the sun to the country.

KING HENRY VI:
What would you have my life with the world can say the days of York is too much better than the sea,
And therefore I than the sun to the country.

KING HENRY VI:
What would you have my life with the world can say the days of York is too much better than the sea,
And therefore I than the sun to the country.

KING HENRY VI:
What would you have my life with the world can say the days of Y"
33,GRU,30,1.0051717840842087,0.9797694456838343,0.6859877134280826,633.6707937717438,0.6920652389526367,256,3,559681,2.1350135803222656,"
        WARWICK:
        So much his friend, ay, his unfeigned friend,
        That, if King Lewis vouchsafe to furnish us
        With some few bands of chosen soldiers,
        I'll undertake to land them on our coast
        And force the tyrant from his seat by war.
        'Tis not his new-made bride shall succor him:
        And as for Clarence, as my letters tell me,
        He's very likely now to fall from him,
        For matching more for wanton lust than honour,
        Or than for strength and safety of our country.
        my soul the gods that has a submit
To the dead burial and the seat,
When they shall be the soldiers to the death.

KING RICHARD III:
Say the matter than the sun that would not stay the gates of York
And that the sun shall prove a graver to the contrary.

QUEEN ELIZABETH:
The king is dead, and that the sea thereof of the sun
From my soul design, and that the sea the king is dead,
That we may be the soldiers to the gaol.

Second Servant:
What is the matter?

POMPEY:
I would you company to the gardon
That would be the soldiers to the gaol of his truth.

QUEEN MARGARET:
The seven son be content to the king and be the common peace
Of the seat of the seat of Romans.

KING RICHARD III:
So many let me be made me to the good to the people,
And then the world is something stain'd
That we may be the souls of thee,
That we may be the soldiers to the gaol.

Second Servant:
What is the matter?

POMPEY:
I would you company to the gardon
That would be the soldiers to the gaol of his truth.

QUEEN MARG"
34,GRU,30,0.8609327565144448,0.8300622880023761,0.7350990349338871,1370.1171827316284,0.6900622844696045,512,1,1642561,6.265872955322266,"
        WARWICK:
        So much his friend, ay, his unfeigned friend,
        That, if King Lewis vouchsafe to furnish us
        With some few bands of chosen soldiers,
        I'll undertake to land them on our coast
        And force the tyrant from his seat by war.
        'Tis not his new-made bride shall succor him:
        And as for Clarence, as my letters tell me,
        He's very likely now to fall from him,
        For matching more for wanton lust than honour,
        Or than for strength and safety of our country.
        off, or our tribunes.
Cousin of England, what says he too?

CAMILLO:
I have a happy time of her own privately.

POMPEY:
Pray, sir, have you to do it, and then and how remorse
As it is to be a present and my heart.
This is a poor hear of Clarence' death,
And his head is as a foot and fear.

DUKE OF YORK:
I will the king is made the charge
Of my poor babe, and the present through the common recomforture.

DUCHESS OF YORK:
Why, how now, sir, that I may not.

ROMEO:
And say you shall have my dangerously?

BRUTUS:
We will appear to her and so beast.

KING EDWARD IV:
So, fair and gracious lord, I have seen thee,
That I may bear the state with me.

GLOUCESTER:
Why, then the gods be good against the world.

KING RICHARD II:
What is the matter?

DUKE VINCENTIO:
I know not what; I am so soon as
you say, if I can be now a word:
As thou art a traitor to his horse and fine
That with his father's blood, be gone, and so to the prince my heart.

GLOUCESTER:
So do I think the drum, that shows we hear t"
35,GRU,30,0.5968831681857144,0.5564849054726371,0.8153481733317554,1377.6273875236511,0.6910610198974609,512,2,1905217,7.267826080322266,"
        WARWICK:
        So much his friend, ay, his unfeigned friend,
        That, if King Lewis vouchsafe to furnish us
        With some few bands of chosen soldiers,
        I'll undertake to land them on our coast
        And force the tyrant from his seat by war.
        'Tis not his new-made bride shall succor him:
        And as for Clarence, as my letters tell me,
        He's very likely now to fall from him,
        For matching more for wanton lust than honour,
        Or than for strength and safety of our country.
        Wares come
An our entreaties stole was at the heels,
Or else you'll play the golden story of more stricts in them.

KING HENRY VI:
And long have you not spent with them,
But send him as you would not be so sour.

KATHARINA:
That's a consul of them as he will be prodigal
Would burn in many money's false, his lady's death,
To see how my father was not so may be spent.

KING HENRY VI:
And little quenshionable duke asleep!

BRUTUS:
We shall not go on.

TRADONIO:
And must we not, sir.

LUCIO:

ISABELLA:
Not to soon my shamed bloody treagues
Which we may surprent to be so delight,
And that the sun sesver watch'd this fair dear son?

QUEEN ELIZABETH:
The senators of the duke! yhout! who is it, sir,
He speak no more ado.

First Gentleman:
I think it were a pretty tongue,
With them allow it with a silk point of storms!
What stay we straight in the child,
To seek their soldiers of the people,
As if the woe to the Duke of Norfolk:
I am too suddenly and conjured it all.

ROMEO:
Go to; let that fac"
36,GRU,30,0.5636092955178588,0.514620836198765,0.8284730366050903,1384.377736568451,0.7045538425445557,512,3,2167873,8.269779205322266,"
        WARWICK:
        So much his friend, ay, his unfeigned friend,
        That, if King Lewis vouchsafe to furnish us
        With some few bands of chosen soldiers,
        I'll undertake to land them on our coast
        And force the tyrant from his seat by war.
        'Tis not his new-made bride shall succor him:
        And as for Clarence, as my letters tell me,
        He's very likely now to fall from him,
        For matching more for wanton lust than honour,
        Or than for strength and safety of our country.
        RICHARD:
And left her, Angelo; I will not go to-day;
No, not till King Henry Forbery, gentlemen,
come, sir.

ABRAHAM:
Do you so so.

DUCHESS OF YORK:
What is the matter?

Messenger:
So, then, my soul? let's go till thou wilt, I say.

GLOUCESTER:
What, will you go with us?

BRUTUS:
Well, what then? what means the world,
That we may soon mar it were to-day?

GREMIO:
Am I sure of you.

FROTH:
I thank your honour.

DUKE VINCENTIO:
Hath he so he to offenders' feeling on a crow!
And they are journeys to be a mourners.

LUCIO:
I pray thee, good Petervation;
And so did not avoid the common or be a Christian soul,
As your grace is made to be so evident
To enter for the gates: and then to great Cication:
Will you let K't forth good and his;
I am come to knowledge that I mouth'd in his ease.
And, know you where the people!

All Citizen:
You are too soon, as if the world will out of the king.

GLOUCESTER:
Now, fie, fie, fie!

Rowler.

AUTOLYCUS:
I know mean'st thou. Therefore, good-fordear and fal"
37,LSTM,50,1.2993972858373266,1.2920814369716784,0.6075201910800614,614.5064387321472,0.38303470611572266,128,1,148801,0.5676307678222656,"
        WARWICK:
        So much his friend, ay, his unfeigned friend,
        That, if King Lewis vouchsafe to furnish us
        With some few bands of chosen soldiers,
        I'll undertake to land them on our coast
        And force the tyrant from his seat by war.
        'Tis not his new-made bride shall succor him:
        And as for Clarence, as my letters tell me,
        He's very likely now to fall from him,
        For matching more for wanton lust than honour,
        Or than for strength and safety of our country.
        Marr:
God save you, sir, the state and the seas,
And there is the sea and the strange to the court,
And the strange than the courtesis the court,
And the strange than the courtesis the court,
And the strange than the courtesis the court,
And the strange than the courtesis the court,
And the strange than the courtesis the court,
And the strange than the courtesis the court,
And the strange than the courtesis the court,
And the strange than the courtesis the court,
And the strange than the courtesis the court,
And the strange than the courtesis the court,
And the strange than the courtesis the court,
And the strange than the courtesis the court,
And the strange than the courtesis the court,
And the strange than the courtesis the court,
And the strange than the courtesis the court,
And the strange than the courtesis the court,
And the strange than the courtesis the court,
And the strange than the courtesis the court,
And the strange than the courtesis the court,
And the strange than the c"
38,LSTM,50,1.247287505734576,1.2391927781766348,0.6147421781979371,557.8252816200256,0.3590261936187744,128,2,165313,0.6306190490722656,"
        WARWICK:
        So much his friend, ay, his unfeigned friend,
        That, if King Lewis vouchsafe to furnish us
        With some few bands of chosen soldiers,
        I'll undertake to land them on our coast
        And force the tyrant from his seat by war.
        'Tis not his new-made bride shall succor him:
        And as for Clarence, as my letters tell me,
        He's very likely now to fall from him,
        For matching more for wanton lust than honour,
        Or than for strength and safety of our country.
        VAEgerence, I will not stay.

KING RICHARD II:
What say you the senate of the death of heart
To see the sea of the state of the fair son
With such a son that the sea of the state,
And therefore I will not be so sound to thee,
And therefore I will not be so straight to him.

KING RICHARD II:
What say you the senate of the death of heart
To see the sea of the state of the fair son
With such a son that the sea of the state,
And therefore I will not be so sound to thee,
And therefore I will not be so straight to him.

KING RICHARD II:
What say you the senate of the death of heart
To see the sea of the state of the fair son
With such a son that the sea of the state,
And therefore I will not be so sound to thee,
And therefore I will not be so straight to him.

KING RICHARD II:
What say you the senate of the death of heart
To see the sea of the state of the fair son
With such a son that the sea of the state,
And therefore I will not be so sound to thee,
And therefore I will not be so straight"
39,LSTM,50,1.2379402226775231,1.2289889215552894,0.6163407881335266,559.2845358848572,0.35153937339782715,128,3,181825,0.6936073303222656,"
        WARWICK:
        So much his friend, ay, his unfeigned friend,
        That, if King Lewis vouchsafe to furnish us
        With some few bands of chosen soldiers,
        I'll undertake to land them on our coast
        And force the tyrant from his seat by war.
        'Tis not his new-made bride shall succor him:
        And as for Clarence, as my letters tell me,
        He's very likely now to fall from him,
        For matching more for wanton lust than honour,
        Or than for strength and safety of our country.
        Grempamen:
I will be so much as the world,
And therefore the world to the contract and heart,
And then the world of the sun to the contrary.

KING RICHARD II:
Why, then I will not see the world to the company.

KING RICHARD II:
Why, then I will not see the world to the company.

KING RICHARD II:
Why, then I will not see the world to the company.

KING RICHARD II:
Why, then I will not see the world to the company.

KING RICHARD II:
Why, then I will not see the world to the company.

KING RICHARD II:
Why, then I will not see the world to the company.

KING RICHARD II:
Why, then I will not see the world to the company.

KING RICHARD II:
Why, then I will not see the world to the company.

KING RICHARD II:
Why, then I will not see the world to the company.

KING RICHARD II:
Why, then I will not see the world to the company.

KING RICHARD II:
Why, then I will not see the world to the company.

KING RICHARD II:
Why, then I will not see the world to the company.

KING RICHARD II:
Why, then I w"
40,LSTM,50,1.0996238863381156,1.086343304954306,0.6715928000688577,1028.1975893974304,0.8930742740631104,256,1,559681,2.1350135803222656,"
        WARWICK:
        So much his friend, ay, his unfeigned friend,
        That, if King Lewis vouchsafe to furnish us
        With some few bands of chosen soldiers,
        I'll undertake to land them on our coast
        And force the tyrant from his seat by war.
        'Tis not his new-made bride shall succor him:
        And as for Clarence, as my letters tell me,
        He's very likely now to fall from him,
        For matching more for wanton lust than honour,
        Or than for strength and safety of our country.
        my tears to the dead man consent,
And with the sea honesty as the sense
Than the sea to his head and death and men
To see him all the sea than the deadly son,
Whose state and stand upon the first days,
That have show the country shall be so far
Than the deadly son and death and death.

QUEEN ELI
ABUSHERLA:
I will not so so took the best of the duke.

GLOUCESTER:
I would the prince my son and the world,
The senate shall be so far for the world,
And then to be a man of heaven for thee.

KING EDWARD I
Thou dearest live to see him all the sea
The princely father and the sea the world,
The senate shall be so far forth to have
The princely father is the watch is all
The contrary and sentence of your father.

GLOUCESTER:
I would the best of the court, the king
In that was by the fairest lies; and then the
duke is not the sea that we have seen the sea to
the sea to his head and so much be so far
Than the deadly have shed for the world,
The senate shall be so far for the world,
And then to be a"
41,LSTM,50,0.9865035040535196,0.9649326840456385,0.6924957681217633,1029.084145784378,0.9230778217315674,256,2,625473,2.3859901428222656,"
        WARWICK:
        So much his friend, ay, his unfeigned friend,
        That, if King Lewis vouchsafe to furnish us
        With some few bands of chosen soldiers,
        I'll undertake to land them on our coast
        And force the tyrant from his seat by war.
        'Tis not his new-made bride shall succor him:
        And as for Clarence, as my letters tell me,
        He's very likely now to fall from him,
        For matching more for wanton lust than honour,
        Or than for strength and safety of our country.
        bleer:
Whate'er I do become!
The prince and sovereign and the sea and death.

KING RICHARD II:
What says he will be so far off the compass
That were a stranger father, and the worst
With the prince and so faires again and the
signal to the common people and the sea and the
duke, and the season stays him in the state of
What time, officer, and say you so short as he?

BIONDELLO:
Why, sir, I will not be so fair a word of son,
That he would be so fair and be a status,
When I shall be so much a sin of state,
Which artiflict to the season of the world,
That were a stranger of the world and mine,
Which is not so much a sin of the world,
To see the compass of the state of the world,
To see the compass of the state of the world,
To see the compass of the state of the world,
To see the compass of the state of the world,
To see the compass of the state of the world,
To see the compass of the state of the world,
To see the compass of the state of the world,
To see the compass of the state of the "
42,LSTM,50,0.9409382378097868,0.916278229577698,0.7053823753030455,1033.4212880134583,0.9480762481689453,256,3,691265,2.6369667053222656,"
        WARWICK:
        So much his friend, ay, his unfeigned friend,
        That, if King Lewis vouchsafe to furnish us
        With some few bands of chosen soldiers,
        I'll undertake to land them on our coast
        And force the tyrant from his seat by war.
        'Tis not his new-made bride shall succor him:
        And as for Clarence, as my letters tell me,
        He's very likely now to fall from him,
        For matching more for wanton lust than honour,
        Or than for strength and safety of our country.
        Lord Angelo hath gone.

ROMEO:
I am a solemn of the point.

PAULINA:
I would they were to the people.

Second Servingman:
What, are they so hard? what a wild beginner to
the prince! But by the gods should be so much before
that I should stander than the prince that worse
fell of the people, be so fond of the world,
That thou art too late to be the commonwealth.

QUEEN MARGARET:
O, master mayor!

Clown:
In that the senate, that were they do compare thee,
I would have show'd the wars of the poor souls.

Nurse:
I would I were a son and therefore have begun,
And then I should be so much before thee
And then and the store of the state and gold
In that with the world with the sentence
I am too much more than the enemy,
To be the senate, that were they do see
The senators and that the state of die own.

KING HENRY VI:
Ay, and there it is an art that words
That we may be so for a pair of death.

Lord:
Whomen are they shall be the strong light.

KING HENRY VI:
Ay, and there it begut the water t"
43,LSTM,50,0.6320131529856773,0.5977122757556664,0.8185071152935776,2716.9424126148224,0.9230973720550537,512,1,2167873,8.269779205322266,"
        WARWICK:
        So much his friend, ay, his unfeigned friend,
        That, if King Lewis vouchsafe to furnish us
        With some few bands of chosen soldiers,
        I'll undertake to land them on our coast
        And force the tyrant from his seat by war.
        'Tis not his new-made bride shall succor him:
        And as for Clarence, as my letters tell me,
        He's very likely now to fall from him,
        For matching more for wanton lust than honour,
        Or than for strength and safety of our country.
        AThimmerin her.

PAULINA:
The present and man's resolute the heart.

HENRY BOLINGBROKE:
Even now the truth.

Shepherd:
So many goddess, help thee from the king;
But let him be best in arms at me.
Say that be ne'er come with truth: but as the life
Let us enter to me in the mind of death.

CATESBY:
My lords, my lords, and my dearer lord,
That we may chance to scorn and lose his face,
And with the light stone was but a foolish sights
Are merry a sisterning souls much.

SEBASTIAN:
Ay, and they are not to say. I love the truth.

GREMIO:
O, you shall not endure him, believe me speak.

KING RICHARD III:
Saw'st thou let that part no other part of men
The father of the house of Lancaster.

WARWICK:
Why should you heard of Claudio,
That is the last of the king's own delay,
Is now deliver the soul of mine abroad;
And then to come to me to stay awhile;
That do not show your grace to have him speak.
And yet the king is not the rest: but, whence,
My lord, I am ready to this shame.
What counsel to he"
44,LSTM,50,0.36037827799790095,0.32002490258564914,0.8966426501599507,2723.9193720817566,0.9530911445617676,512,2,2430529,9.271732330322266,"
        WARWICK:
        So much his friend, ay, his unfeigned friend,
        That, if King Lewis vouchsafe to furnish us
        With some few bands of chosen soldiers,
        I'll undertake to land them on our coast
        And force the tyrant from his seat by war.
        'Tis not his new-made bride shall succor him:
        And as for Clarence, as my letters tell me,
        He's very likely now to fall from him,
        For matching more for wanton lust than honour,
        Or than for strength and safety of our country.
        Kath, thou hast partly things no success?

NORTHUMBERLAND:
My lord, you shall bear witness to age,
But by the heavy thanks doubt his fortune.

QUEEN MARGARET:
And lessen'd be the first word of the wolf;
So many mile about, all of this face stand alone,
sir, Angelo, that I may say so, stick it in my cheek,
Disparaged of my suit; might well deny
From our state to tinker-from him truth to hear
When my sorrows ready at the other.
The wretched, three, thou shalt be the heart.

HENRY BOLINGBROKE:
I shall not be thus forewarne there.

PRINCE EDWARD:
Is it upon ready and by that;
For it is mine opposed, at the woodch,
Too fond, deceive; that, in despite of all.

NORTHUMBERLAND:
The noble mother, and myself.

PROSPERO:
This bug indeed descent.

SICINIUS:
What is that man?

POMPEY:
Bum, my lord.

DUKE VINCENTIO:
I can be broken festival: he hath forced them;
But how he stands in this sea-stoop, stand yours?

JULIET:
At Cheeps of England is coming hereably;
No legs of them; I have an express cowa"
45,LSTM,50,0.3297776107805489,0.2743002349225274,0.9104599119195512,2746.205117702484,0.9886198043823242,512,3,2693185,10.273685455322266,"
        WARWICK:
        So much his friend, ay, his unfeigned friend,
        That, if King Lewis vouchsafe to furnish us
        With some few bands of chosen soldiers,
        I'll undertake to land them on our coast
        And force the tyrant from his seat by war.
        'Tis not his new-made bride shall succor him:
        And as for Clarence, as my letters tell me,
        He's very likely now to fall from him,
        For matching more for wanton lust than honour,
        Or than for strength and safety of our country.
        Low, be so far that will find me well.

First Of thy noble sir one uncle, but our
prawes, and let him go whose heir i' the offer of
him.

CLIFFORD:
Soldiers, three plain.

EDWARDIRO:
Poor hand, young Do's good sisters: and yet, to stay.

ROMEO:
What hast thou to do?

MAMILLIUS:
A sad, sir?

AUTOLYCUS:

Clown:
Indeed, he's gone.

SEBASTIAN:
As if it had lungs and the loss of men.

GONZALO:
He'll point you forth.

PETRUCHIO:
Thou hast more ten that have more comfort patience?
If this old grief is bold in being great-bed!
So smank afton a little brief which she shall
stand for consulships.

AUFIDIUS:
My lords, your son, or what says my loving friends,
And many an old man secrators could, but say
and the most young sweet and dages do perform.

KING RICHARD III:
What said my man, my lord?

DUKE OF YORK:
Why, what is your will?

VINCENTIO:
What a strange mother? why, 'tis a throne where thou
wear-brides freely given and weakling, and oft
Pomped him to the ground be man.'

FRIAR LAURENCE:
Hol"
46,GRU,50,1.313417459926466,1.307190579219456,0.6001888206687802,576.1503658294678,0.2815279960632324,128,1,115777,0.4416542053222656,"
        WARWICK:
        So much his friend, ay, his unfeigned friend,
        That, if King Lewis vouchsafe to furnish us
        With some few bands of chosen soldiers,
        I'll undertake to land them on our coast
        And force the tyrant from his seat by war.
        'Tis not his new-made bride shall succor him:
        And as for Clarence, as my letters tell me,
        He's very likely now to fall from him,
        For matching more for wanton lust than honour,
        Or than for strength and safety of our country.
        RI Here I that have seems thee,
That the state to the prince that thou art be
The world to the world to the world to the court.

KING RICHARD III:
What shall be the state, the state to the sun
The world to the world to the world to the court.

KING RICHARD III:
What shall be the state, the state to the sun
The world to the world to the world to the court.

KING RICHARD III:
What shall be the state, the state to the sun
The world to the world to the world to the court.

KING RICHARD III:
What shall be the state, the state to the sun
The world to the world to the world to the court.

KING RICHARD III:
What shall be the state, the state to the sun
The world to the world to the world to the court.

KING RICHARD III:
What shall be the state, the state to the sun
The world to the world to the world to the court.

KING RICHARD III:
What shall be the state, the state to the sun
The world to the world to the world to the court.

KING RICHARD III:
What shall be the state, the state to the sun
Th"
47,GRU,50,1.2561147743768066,1.2491288933440716,0.6103731225523247,576.9910607337952,0.3025345802307129,128,2,132289,0.5046424865722656,"
        WARWICK:
        So much his friend, ay, his unfeigned friend,
        That, if King Lewis vouchsafe to furnish us
        With some few bands of chosen soldiers,
        I'll undertake to land them on our coast
        And force the tyrant from his seat by war.
        'Tis not his new-made bride shall succor him:
        And as for Clarence, as my letters tell me,
        He's very likely now to fall from him,
        For matching more for wanton lust than honour,
        Or than for strength and safety of our country.
        man I will be so far seems to
seen the strong and the strong and the strong straight
That we shall be so far and the strong straight.

KING RICHARD III:
What shall I see the seas to the world to the death,
And the strong and the strong and the seas,
And the strong and the strong and the world,
And therefore the strong and the strong straight.

KING RICHARD III:
What shall I see the seas to the world to the death,
And the strong and the strong and the seas,
And the strong and the strong and the world,
And therefore the strong and the strong straight.

KING RICHARD III:
What shall I see the seas to the world to the death,
And the strong and the strong and the seas,
And the strong and the strong and the world,
And therefore the strong and the strong straight.

KING RICHARD III:
What shall I see the seas to the world to the death,
And the strong and the strong and the seas,
And the strong and the strong and the world,
And therefore the strong and the strong straight.

KING RICHARD III:
Wha"
48,GRU,50,1.272320140887351,1.2655680945319852,0.6035151486895522,578.8446710109711,0.3475351333618164,128,3,148801,0.5676307678222656,"
        WARWICK:
        So much his friend, ay, his unfeigned friend,
        That, if King Lewis vouchsafe to furnish us
        With some few bands of chosen soldiers,
        I'll undertake to land them on our coast
        And force the tyrant from his seat by war.
        'Tis not his new-made bride shall succor him:
        And as for Clarence, as my letters tell me,
        He's very likely now to fall from him,
        For matching more for wanton lust than honour,
        Or than for strength and safety of our country.
        Musion of York, and there is the seat of the seat of the seat of the seat of the seat of the seat of the seat of the seat of the seat of the seat of the seat of the seat of the seat of the seat of the seat of the seat of the seat of the seat of the seat of the seat of the seat of the seat of the seat of the seat of the seat of the seat of the seat of the seat of the seat of the seat of the seat of the seat of the seat of the seat of the seat of the seat of the seat of the seat of the seat of the seat of the seat of the seat of the seat of the seat of the seat of the seat of the seat of the seat of the seat of the seat of the seat of the seat of the seat of the seat of the seat of the seat of the seat of the seat of the seat of the seat of the seat of the seat of the seat of the seat of the seat of the seat of the seat of the seat of the seat of the seat of the seat of the seat of the seat of the seat of the seat of the seat of the seat of the seat of the seat of the seat of the seat of"
49,GRU,50,1.1261748240811982,1.1112369538223656,0.6537973934499132,896.5055313110352,0.8790788650512695,256,1,428097,1.6330604553222656,"
        WARWICK:
        So much his friend, ay, his unfeigned friend,
        That, if King Lewis vouchsafe to furnish us
        With some few bands of chosen soldiers,
        I'll undertake to land them on our coast
        And force the tyrant from his seat by war.
        'Tis not his new-made bride shall succor him:
        And as for Clarence, as my letters tell me,
        He's very likely now to fall from him,
        For matching more for wanton lust than honour,
        Or than for strength and safety of our country.
        longer to the prince's doom of the
shepherd's death, and the bear made the prince's doom
To see the people and the prince and my
deep and the matter were a man of the prince's death.

BUCKINGHAM:
What is the matter?

CLAUDIO:
The matter?

COMINIUS:
The matter?

Second Senator:
The matter?

COMINIUS:
The matter?

Second Senator:
The matter?

COMINIUS:
The matter?

Second Senator:
The matter?

COMINIUS:
The matter?

Second Senator:
The matter?

COMINIUS:
The matter?

Second Senator:
The matter?

COMINIUS:
The matter?

Second Senator:
The matter?

COMINIUS:
The matter?

Second Senator:
The matter?

COMINIUS:
The matter?

Second Senator:
The matter?

COMINIUS:
The matter?

Second Senator:
The matter?

COMINIUS:
The matter?

Second Senator:
The matter?

COMINIUS:
The matter?

Second Senator:
The matter?

COMINIUS:
The matter?

Second Senator:
The matter?

COMINIUS:
The matter?

Second Senator:
The matter?

COMINIUS:
The matter?

Second Senator:
The matter?

COMINIUS:
The matter?

Second Sen"
50,GRU,50,1.0121087893082277,0.9896454745835631,0.6829354889612532,897.8990166187286,0.9220802783966064,256,2,493889,1.8840370178222656,"
        WARWICK:
        So much his friend, ay, his unfeigned friend,
        That, if King Lewis vouchsafe to furnish us
        With some few bands of chosen soldiers,
        I'll undertake to land them on our coast
        And force the tyrant from his seat by war.
        'Tis not his new-made bride shall succor him:
        And as for Clarence, as my letters tell me,
        He's very likely now to fall from him,
        For matching more for wanton lust than honour,
        Or than for strength and safety of our country.
        suborn, the moon is the season so much
To be a stranger or that the like me to the wall,
That thou shalt not see the contented wrath
Which I was a shrew to me again.

KING RICHARD III:
Ay, my lord, the more to be the sea to be
son?

Both:
What is the matter?

CORIOLANUS:
The gods be so forward?

MENENIUS:
The matter, I have been so far off,
That I may be a state to see him confidence
To make a soldier, and the prince of York
That I have been beholding to the court
Who should be the season should be to me,
That I may be a state to the sea was,
I will be so far forth a tongue to see him dead.

KING HENRY VI:
Ay, and the lord of my cousin Buckingham,
That I must be so far forth to me and the
shells of the house of York; for the law in the court
With the marriage of the sea to be married.

KING RICHARD III:
Ay, my lord, the more to be the sea to be
son?

Both:
What is the matter?

CORIOLANUS:
The gods be so forward?

MENENIUS:
The matter, I have been so far off,
That I may be a state to se"
51,GRU,50,1.003991014765997,0.9780679101491496,0.6871216413949418,900.7563846111298,0.9275927543640137,256,3,559681,2.1350135803222656,"
        WARWICK:
        So much his friend, ay, his unfeigned friend,
        That, if King Lewis vouchsafe to furnish us
        With some few bands of chosen soldiers,
        I'll undertake to land them on our coast
        And force the tyrant from his seat by war.
        'Tis not his new-made bride shall succor him:
        And as for Clarence, as my letters tell me,
        He's very likely now to fall from him,
        For matching more for wanton lust than honour,
        Or than for strength and safety of our country.
        anding and so long as I love her,
And then I'll tell you, sir, and then to say the
shrunk the proudest of the world is the world, that
should the prince that hath made thee to the prince,
To lose him and the search and seems to bed,
And then the world the way the walls of the sea,
And there the sea with the proudest of them,
That thou art all the poor wife of York.

KATHARINA:
No more, the warrant of the seas of love,
And there the sea with the fire of the seas,
And there the sea with the fire of the people,
With all the world to the people is already,
That thou art all the poor wife of Lancaster,
To be a mother and the world is the way
To the son and trust as an of your hands,
To see the prince that hath made thee to the prince,
To lose him and the search and seems to bed,
And then the world the way the walls of the sea,
And there the sea with the proudest of them,
That thou art all the poor wife of York.

KATHARINA:
No more, the warrant of the seas of love,
And there the sea with the"
52,GRU,50,0.8421588013642025,0.8091811498586279,0.739695555810584,2228.2367656230927,0.9275844097137451,512,1,1642561,6.265872955322266,"
        WARWICK:
        So much his friend, ay, his unfeigned friend,
        That, if King Lewis vouchsafe to furnish us
        With some few bands of chosen soldiers,
        I'll undertake to land them on our coast
        And force the tyrant from his seat by war.
        'Tis not his new-made bride shall succor him:
        And as for Clarence, as my letters tell me,
        He's very likely now to fall from him,
        For matching more for wanton lust than honour,
        Or than for strength and safety of our country.
        daggar man, I say and be a man have
done's as the common people. Camillo were heaven
hours well in the truth: one would have been so strength,
which is a good daughter captive before the street,
Which in the house of Lancaster slain,
His father of the head, the heavens the world,
The princes had been so still a bark, there
I must be a traitor go with you.

Provost:
A bring the matter, I have done thee to the deep;
And she shall not be a truth o' the common.

DUKE OF YORK:
Thou art the devil that means the commonwealth
That shall be so for the crown and serve their cheek
So the traitor's pardon.

MIRANDA:
O, hear me speak again.

FRIAR LAURENCE:
O, she did stand for a piece of death,
That he would have had been so still they show'd.

WARWICK:
Then let him speak of her own son and myself,
And therefore I did soon my soul to heaven.
I'll hang thee as more than we came from the field
Can never be the head of thee.

COMINIUS:
You have made the consulshales of her sir,
Who hath a strange pro"
53,GRU,50,0.60020131481825,0.5576330962842398,0.8149817455421825,2234.07967877388,0.9390950202941895,512,2,1905217,7.267826080322266,"
        WARWICK:
        So much his friend, ay, his unfeigned friend,
        That, if King Lewis vouchsafe to furnish us
        With some few bands of chosen soldiers,
        I'll undertake to land them on our coast
        And force the tyrant from his seat by war.
        'Tis not his new-made bride shall succor him:
        And as for Clarence, as my letters tell me,
        He's very likely now to fall from him,
        For matching more for wanton lust than honour,
        Or than for strength and safety of our country.
        Genoughan! who, as I said,
Master and the worst of this seat, but not the fardow;
Having no otherwellow play'd the crown,
Whose seatrel hath a lady's life, and makes his bed
On point that may be satisfied, she's dead!'
They say the king shall be so foul a wound.

BUCKINGHAM:
I fear, I think how he looks out the seas.

KING EDWARD IV:
Then speak not yet not spilt thy brother's wreck;
Your legs did starved as to assault thy wrath.

GLOUCESTER:
Come, go with us; for as thou art not now at an
any thing.

First Gentleman:
I think there's no more successful thing, or stay
The cordial self-low's toppier than the last,
Who now despair, such a shift, and then tie till
The contrary and the reckless
That the duke with the deepest daughter of a maid
tarding to the fish, who should break in the sume:
They say, the saints of the rebels here alone.
What think you of it, mistress, where lived? how found
upon too, poor soul, thy king, and then I'll bring you
By all the sun.

AUFIDIUS:
I know not what t"
54,GRU,50,0.5730892128317896,0.5197295307242957,0.8268489362923008,2278.305375814438,0.9390802383422852,512,3,2167873,8.269779205322266,"
        WARWICK:
        So much his friend, ay, his unfeigned friend,
        That, if King Lewis vouchsafe to furnish us
        With some few bands of chosen soldiers,
        I'll undertake to land them on our coast
        And force the tyrant from his seat by war.
        'Tis not his new-made bride shall succor him:
        And as for Clarence, as my letters tell me,
        He's very likely now to fall from him,
        For matching more for wanton lust than honour,
        Or than for strength and safety of our country.
        Citizens: there's no man is an art
That thou hast spoken fellow to a molehillerest.

KATHARINA:
It is, my lord,
Who comes the sweet babe, and there I am.
Good even think you?

Boy:
Good alive, I take my leave of you.

POLIXENES:
O, stand but the man I am a man.
Fear not him, Isabel, in anopF way,
If you laugh allow'd the sea, but your resolution
to your cousin, I will deal with him that die.

KING RICHARD II:
Then shall say my head is off?

DUKE VINCENTIO:
This is the cap your honour which
To be the best, and then the priest lost,
To make amends to hear a loss!

Lady:
Madam, yourself's alterance,
I may not peace, in sight of justice,
That thou betray'dst the storm; each one a shower.
Ah, lick-in, I say.

DUCHESS OF YORK:
What is it?

CATESBY:
My lord?

KING RICHARD III:
Ay, if the devil have I long best believe you.

CORIOLANUS:
The gods begin to do it o'er-bear.

POLIXENES:
I will be mild, and hath sufficient doth burn in
falleness of her habit,
And all things for the state and freedo"
